{
  "title": "Add two integers",
  "type": "object",
  "schemaVersion": 1,
  "properties": {
    "firstNumber": {
      "title": "Number 1",
      "type": "integer",
      "description": "Please enter a number that will be added to Number 2.",
      "editor": "number"
    },
    "secondNumber": {
      "title": "Number 2",
      "type": "integer",
      "description": "Please enter a number that will be added to Number 1.",
      "editor": "number"
    }
  },
  "required": ["firstNumber", "secondNumber"]
}
